id,white_win_prob,draw_prob,black_win_prob,confidence
6,0.4849610667702028,0.03096141035215566,0.48407752287764144,0.5830484257044256
16,0.45734026011491635,0.04055673872427417,0.5021030011608095,0.5905131102796469
24,0.5376936188488479,0.054055789789963,0.4082505913611892,0.5952637543147765
31,0.6582752551427613,0.03250747618500555,0.3092172686722332,0.6843585704323222
34,0.5181716141860176,0.055096670587286865,0.42673171522669556,0.5952637543147765
47,0.4559017446830146,0.02675466553674562,0.5173435897802398,0.5952637543147765
51,0.5099095717400848,0.06210636410626751,0.4279840641536477,0.5905131102796469
53,0.4601215917440992,0.0278743603002827,0.5120040479556182,0.5905131102796469
59,0.5839513925850119,0.019909187985200413,0.3961394194297877,0.625265284786343
60,0.4435428717557304,0.023388174946917365,0.5330689532973523,0.5952637543147765
65,0.5574032158170265,0.04798211971342358,0.39461466446955,0.6141840766481013
66,0.5322105306014199,0.03023772977920737,0.4375517396193728,0.5952637543147765
68,0.4531933445147137,0.029491284631579705,0.5173153708537066,0.5952637543147765
78,0.4525054613336775,0.03011351284172422,0.5173810258245984,0.5952637543147765
79,0.5196768203966069,0.021921642757961955,0.4584015368454311,0.5952637543147765
85,0.41212078910203437,0.027427602394774736,0.5604516085031909,0.6167146616372792
89,0.5037063648244438,0.03308356586632318,0.46321006930923303,0.5905131102796469
90,0.4879100936475063,0.05068888095847898,0.4614010253940147,0.5830484257044256
98,0.4556479725052672,0.05531101255879359,0.4890410149359392,0.5905131102796469
101,0.43208410004829856,0.046345939920661945,0.5215699600310395,0.5952637543147765
104,0.4284104686734387,0.028107098409848465,0.5434824329167129,0.6116083420627244
111,0.5467255518000215,0.06414827846062399,0.3891261697393545,0.6116083420627244
113,0.4362786356220241,0.034824284472477096,0.5288970799054988,0.5952637543147765
115,0.5700070242563207,0.038872890068447415,0.39112008567523204,0.6167146616372792
119,0.46518879813101394,0.027294006514304452,0.5075171953546816,0.5905131102796469
124,0.45045699993739546,0.04354114930233763,0.5060018507602669,0.5905131102796469
132,0.5223729637679557,0.019564675342706103,0.45806236088933816,0.5952637543147765
135,0.5596703491025247,0.03866869818053373,0.4016609527169416,0.6167146616372792
144,0.5252698250081596,0.03762077237952235,0.4371094026123182,0.5952637543147765
148,0.46554478194320303,0.040284631617896284,0.49417058643890066,0.5905131102796469
149,0.4701833656333408,0.04093653146204168,0.4888801029046175,0.5905131102796469
162,0.42795699566545436,0.03252564262408167,0.5395173617104639,0.5952637543147765
163,0.4573563889170576,0.028469271910715858,0.5141743391722265,0.5952637543147765
164,0.47111173264115486,0.03031466823332793,0.49857359912551724,0.5905131102796469
168,0.47516493939359505,0.025285968102879898,0.4995490925035251,0.5905131102796469
189,0.5147448556706381,0.022430730131972467,0.4628244141973894,0.5952637543147765
197,0.6135150872547924,0.04671799288178353,0.3397669198634241,0.6377260234636927
199,0.5030868890647215,0.02197618583894639,0.4749369250963322,0.5905131102796469
205,0.4513601797334246,0.04702664505377473,0.5016131752128007,0.5905131102796469
213,0.4387156294366046,0.024471939592351638,0.5368124309710438,0.5952637543147765
216,0.5037581996254471,0.02848826179156222,0.46775353858299057,0.5905131102796469
218,0.4622107507614745,0.032830826278151815,0.5049584229603737,0.5905131102796469
228,0.4885894733308029,0.045063149337417625,0.4663473773317795,0.5830484257044256
229,0.4417436673537021,0.04359938903306589,0.5146569436132321,0.5952637543147765
233,0.4225612498992967,0.006103774653674321,0.571334975447029,0.625265284786343
236,0.3867019103464305,0.0027280340398921007,0.6105700556136774,0.6377260234636927
247,0.43633852972034376,0.028919531979532898,0.5347419383001234,0.5952637543147765
252,0.5628632105164578,0.031131389067619388,0.4060054004159229,0.6167146616372792
258,0.5215351399400229,0.04507264621858134,0.4333922138413959,0.5952637543147765
260,0.5212944622484275,0.04670136288470498,0.43200417486686765,0.5952637543147765
264,0.5045492668095616,0.03440060647967228,0.46105012671076623,0.5905131102796469
272,0.5256784115292886,0.0372156923148871,0.43710589615582435,0.5952637543147765
274,0.548318902903303,0.03843742117819701,0.4132436759185001,0.6116083420627244
285,0.5445002434463588,0.06307295103132227,0.3924268055223189,0.6116083420627244
294,0.5048595150745347,0.025903955512323346,0.46923652941314187,0.5905131102796469
310,0.4533919707353067,0.029186384934658575,0.5174216443300347,0.5952637543147765
316,0.4970940580061778,0.05921628039082466,0.44368966160299755,0.5905131102796469
329,0.5169940751530354,0.028800269661383687,0.4542056551855809,0.5952637543147765
332,0.4291782751953855,0.030741983411730376,0.5400797413928842,0.5952637543147765
337,0.5505548148952993,0.03183356724341996,0.41761161786128087,0.6116083420627244
341,0.4476825211232382,0.03820872863126982,0.5141087502454921,0.5952637543147765
343,0.4833770978463951,0.06868181058000244,0.44794109157360246,0.5830484257044256
347,0.5438633253170068,0.03926406254919517,0.41687261213379806,0.6116083420627244
351,0.546042801133089,0.04930545205428571,0.4046517468126254,0.6116083420627244
352,0.48570608132509013,0.03460525791759426,0.4796886607573156,0.5830484257044256
354,0.450978744248077,0.030340500755302962,0.51868075499662,0.5952637543147765
359,0.4099855718707725,0.042240259343726355,0.5477741687855012,0.6116083420627244
367,0.4459980364961383,0.039779502608346506,0.5142224608955153,0.5952637543147765
377,0.6408593959689864,0.036840824633442106,0.32229977939757143,0.6377260234636927
384,0.4643773021709235,0.03263367415566051,0.502989023673416,0.5905131102796469
385,0.4134743783251203,0.03501290100313157,0.5515127206717482,0.6116083420627244
393,0.6487850311750489,0.03378957542963734,0.3174253933953137,0.6843585704323222
396,0.4077001238935002,0.027443483742368893,0.564856392364131,0.6167146616372792
398,0.46618855474455656,0.027394018219379482,0.506417427036064,0.5905131102796469
399,0.42315009937171183,0.030035048362329512,0.5468148522659586,0.6116083420627244
410,0.5062421373982832,0.02762054192265072,0.4661373206790661,0.5905131102796469
412,0.4531512425380752,0.051923266791473355,0.4949254906704515,0.5905131102796469
415,0.43740690933614945,0.024211518876375474,0.538381571787475,0.5952637543147765
442,0.400009279299086,0.043500765753158165,0.5564899549477559,0.6141840766481013
456,0.4565843696561921,0.031038522818920593,0.5123771075248873,0.5905131102796469
457,0.42291490190541553,0.011166363058238291,0.5659187350363463,0.6167146616372792
479,0.4056786590903623,0.046317283374021405,0.5480040575356163,0.6116083420627244
491,0.4941098629468078,0.03744727334197594,0.4684428637112163,0.5905131102796469
494,0.5020119686596138,0.028613628135868048,0.4693744032045181,0.5905131102796469
501,0.4680610808333824,0.029298456947826425,0.5026404622187911,0.5905131102796469
504,0.455884828243731,0.02705657397516905,0.5170585977811,0.5952637543147765
506,0.5282230523696609,0.06237723704894733,0.40939971058139163,0.5952637543147765
511,0.47598055083540786,0.04274306277990893,0.4812763863846832,0.5700843964471157
512,0.5123344566256449,0.04853503332116315,0.4391305100531919,0.5905131102796469
523,0.47009948308153693,0.027533440722973125,0.5023670761954899,0.5905131102796469
537,0.6815245792025522,0.029195693860346685,0.28927972693710113,0.7078556996880208
539,0.47190834283638744,0.024399777344799818,0.5036918798188127,0.5905131102796469
544,0.42774138136573725,0.05013657162509563,0.5221220470091672,0.5952637543147765
549,0.5730846720357409,0.019458344280566545,0.4074569836836926,0.625265284786343
551,0.5917920635339686,0.027748323108956186,0.3804596133570752,0.625265284786343
552,0.411940605991197,0.0388555469901462,0.5492038470186569,0.6116083420627244
555,0.4294714197644759,0.03353897961289343,0.5369896006226307,0.5952637543147765
566,0.5098494232822963,0.045794683148801196,0.44435589356890254,0.5905131102796469
570,0.5379185814399475,0.05673937794772954,0.4053420406123229,0.5952637543147765
577,0.4629956135047523,0.0446982376701355,0.49230614882511214,0.5905131102796469
580,0.4796782807836645,0.048873625344478304,0.47144809387185727,0.5700843964471157
587,0.46080776997678063,0.020752611050261043,0.5184396189729584,0.5952637543147765
588,0.4146407503672851,0.02942097915701879,0.5559382704756962,0.6141840766481013
590,0.47305493210127425,0.011679364714268925,0.5152657031844569,0.5952637543147765
592,0.40087445874584204,0.014132838913612784,0.5849927023405451,0.625265284786343
597,0.4945896612281227,0.0389781350752425,0.4664322036966348,0.5905131102796469
611,0.46886840936872287,0.044930593308561875,0.4862009973227152,0.5830484257044256
612,0.47728881439665105,0.03427548134410275,0.4884357042592463,0.5830484257044256
614,0.4430288574250554,0.019586449736496415,0.5373846928384483,0.5952637543147765
615,0.43100389570860503,0.0289047858131538,0.5400913184782412,0.5952637543147765
621,0.4545255478228388,0.04000319652469138,0.5054712556524699,0.5905131102796469
626,0.4455838474206691,0.03233256824372113,0.5220835843356099,0.5952637543147765
635,0.5274719153840322,0.01665092433795598,0.45587716027801184,0.5952637543147765
637,0.6317539815501845,0.019858789190910713,0.34838722925890486,0.6377260234636927
642,0.625246717832749,0.02918617214226623,0.34556711002498486,0.6377260234636927
647,0.4631283394551435,0.03101278958822155,0.505858870956635,0.5905131102796469
659,0.4429799324126276,0.043743485331673826,0.5132765822556986,0.5952637543147765
674,0.43751323498014033,0.04318235800903649,0.5193044070108233,0.5952637543147765
684,0.43096498315895887,0.048733088130689,0.5203019287103522,0.5952637543147765
700,0.45572280015474614,0.02885189260449401,0.5154253072407599,0.5952637543147765
703,0.49540702934683667,0.040403098125196525,0.4641898725279669,0.5905131102796469
707,0.45710345285471893,0.030896299330773546,0.5120002478145076,0.5905131102796469
710,0.4555721519057515,0.0423594603303445,0.5020683877639041,0.5905131102796469
715,0.5029349475447993,0.031000321139860353,0.4660647313153403,0.5905131102796469
717,0.5345199919617444,0.031218641661172334,0.43426136637708335,0.5952637543147765
718,0.5232843430127815,0.0205868327978084,0.45612882418941014,0.5952637543147765
720,0.5146299218730538,0.0441531983373109,0.4412168797896353,0.5952637543147765
722,0.6832114844997919,0.0674640775064555,0.24932443799375276,0.7078556996880208
723,0.5302862708331008,0.05724760658247487,0.41246612258442433,0.5952637543147765
732,0.6793880157546017,0.06012713493589265,0.2604848493095056,0.7078556996880208
734,0.43455930387298536,0.010205992482721507,0.5552347036442932,0.6141840766481013
739,0.5230315861743833,0.048458921023354376,0.4285094928022624,0.5952637543147765
741,0.487757847435786,0.04292269497481165,0.4693194575894024,0.5830484257044256
742,0.5110910204152068,0.018949091477977752,0.4699598881068155,0.5905131102796469
747,0.5208500034470065,0.031290249385570866,0.4478597471674226,0.5952637543147765
752,0.4556742007591276,0.029005028479786987,0.5153207707610854,0.5952637543147765
757,0.6355221273064326,0.01915518074859881,0.3453226919449686,0.6377260234636927
764,0.6351328579863935,0.023240217961661234,0.34162692405194534,0.6377260234636927
772,0.4738740226240591,0.029829602515558298,0.4962963748603826,0.5905131102796469
774,0.4654024979298367,0.026299734340412384,0.5082977677297509,0.5905131102796469
778,0.6436474465660925,0.04281339621816457,0.3135391572157429,0.6377260234636927
780,0.4138592559794459,0.03467019873029424,0.5514705452902599,0.6116083420627244
783,0.3756144093914517,0.05974830176507864,0.5646372888434698,0.6167146616372792
784,0.4670973339625723,0.0397034563308691,0.49319920970655856,0.5905131102796469
788,0.6691347502471955,0.020814876857442165,0.3100503728953623,0.6843585704323222
797,0.5130696393430425,0.03157329583508349,0.455357064821874,0.5952637543147765
798,0.428002321706387,0.07214916918523416,0.4998485091083788,0.5905131102796469
800,0.46785835217900695,0.04139239669417826,0.4907492511268148,0.5905131102796469
802,0.47664983391317417,0.04563081767250798,0.47771934841431785,0.5700843964471157
810,0.4966380064218809,0.027045948754888516,0.4763160448232306,0.5905131102796469
823,0.5223540233772561,0.020230482828890634,0.45741549379385327,0.5952637543147765
824,0.44025833802620556,0.032694301324738086,0.5270473606490564,0.5952637543147765
827,0.4351885134887312,0.02527513434624777,0.539536352165021,0.5952637543147765
829,0.48855233940849474,0.04650932155427186,0.46493833903723336,0.5830484257044256
834,0.4667038151109344,0.027498573373582094,0.5057976115154835,0.5905131102796469
835,0.4338782386093362,0.03077605087263376,0.5353457105180301,0.5952637543147765
843,0.44978219920015505,0.03250795088006228,0.5177098499197826,0.5952637543147765
851,0.6672480875283626,0.02131718037264164,0.31143473209899575,0.6843585704323222
855,0.5579878820250483,0.029868102349025757,0.412144015625926,0.6141840766481013
869,0.5079741791531261,0.029608251498281137,0.4624175693485927,0.5905131102796469
876,0.4699341975287882,0.0389458160644697,0.49111998640674215,0.5905131102796469
881,0.6454241546324105,0.06265993092376448,0.29191591444382514,0.6377260234636927
888,0.541010613599956,0.014430844249647847,0.4445585421503963,0.5952637543147765
899,0.5121155007424353,0.03196603781846815,0.4559184614390965,0.5905131102796469
903,0.5887919840303636,0.04318824107925972,0.36801977489037674,0.625265284786343
909,0.5410394297090682,0.03842992056162675,0.4205306497293052,0.5952637543147765
916,0.5395516536461271,0.021861283363755743,0.4385870629901172,0.5952637543147765
918,0.49567976887063775,0.01317200899257764,0.4911482221367847,0.5905131102796469
931,0.45679636561076253,0.04353347087606883,0.49967016351316856,0.5905131102796469
940,0.4497430399107827,0.028997305496621308,0.5212596545925959,0.5952637543147765
941,0.4969326312204981,0.037007797812814686,0.46605957096668726,0.5905131102796469
954,0.4484640683129731,0.013729758545738394,0.5378061731412885,0.5952637543147765
983,0.574525334480107,0.047874577051771464,0.3776000884681216,0.625265284786343
988,0.4613954420308914,0.041500170492538305,0.4971043874765704,0.5905131102796469
991,0.49251146661507644,0.0385180158691597,0.46897051751576385,0.5905131102796469
992,0.4540264405168118,0.03625169387234969,0.5097218656108387,0.5905131102796469
993,0.44935074110922,0.038725095393706804,0.5119241634970731,0.5905131102796469
994,0.47952542551192606,0.028087660597498502,0.4923869138905754,0.5905131102796469
1001,0.47998364326841675,0.03254148839945601,0.48747486833212733,0.5830484257044256
1016,0.455959451422776,0.009241349451124193,0.5347991991260999,0.5952637543147765
1029,0.4715284272588337,0.04617655262342906,0.4822950201177372,0.5700843964471157
1034,0.4645757321071536,0.02603338945434452,0.509390878438502,0.5905131102796469
1036,0.42951039568172206,0.028145558049249324,0.5423440462690285,0.5952637543147765
1037,0.49740150145026685,0.03589358890135442,0.4667049096483788,0.5905131102796469
1040,0.48476310056554656,0.034034242903227256,0.4812026565312262,0.5830484257044256
1047,0.45175822712950153,0.030812234337239553,0.517429538533259,0.5952637543147765
1057,0.42347481536676695,0.04575909033204538,0.5307660943011877,0.5952637543147765
1058,0.43544928776356595,0.03897781486426011,0.5255728973721739,0.5952637543147765
1068,0.5470428983639484,0.03107484416780851,0.42188225746824326,0.6116083420627244
1093,0.3982060820465677,0.05788443617864386,0.5439094817747885,0.6116083420627244
1109,0.41386729008425266,0.019486889316572574,0.5666458205991748,0.6167146616372792
1110,0.5259460129310571,0.04176839322677412,0.43228559384216875,0.5952637543147765
1114,0.45151658139771617,0.039377001683463156,0.5091064169188206,0.5905131102796469
1136,0.5209013437135412,0.03795354064950815,0.4411451156369507,0.5952637543147765
1145,0.6258853550258888,0.02143381239960083,0.35268083257451033,0.6377260234636927
1150,0.6352397522794079,0.02560921028854828,0.3391510374320439,0.6377260234636927
1161,0.47330169044356646,0.034420170485431466,0.49227813907100215,0.5905131102796469
1163,0.457411065952936,0.021462842836687437,0.5211260912103766,0.5952637543147765
1171,0.6027799257866223,0.047969248198991205,0.3492508260143865,0.6377260234636927
1173,0.4336788239871684,0.04389130361052199,0.5224298724023096,0.5952637543147765
1187,0.41680101890091914,0.022575222121329744,0.5606237589777511,0.6167146616372792
1192,0.6388509087088146,0.013809934354938543,0.3473391569362469,0.6377260234636927
1194,0.4698285490774947,0.039581311349986034,0.49059013957251935,0.5905131102796469
1198,0.4264247801278829,0.02172870923221121,0.551846510639906,0.6116083420627244
1207,0.47232588994197783,0.042183239829502624,0.4854908702285196,0.5830484257044256
1210,0.5320044129494258,0.03859416397921644,0.4294014230713578,0.5952637543147765
1211,0.4421294337956478,0.03178517653305138,0.5260853896713008,0.5952637543147765
1213,0.5357443093980752,0.027406190379168364,0.4368495002227566,0.5952637543147765
1216,0.4444225619739477,0.02545544145433604,0.5301219965717163,0.5952637543147765
1217,0.5012246383143193,0.03411551130345045,0.46465985038223034,0.5905131102796469
1218,0.4555417210362731,0.025202260015463412,0.5192560189482636,0.5952637543147765
1225,0.46713953456397206,0.04252236355536626,0.4903381018806616,0.5905131102796469
1230,0.4506435149439716,0.04535267696728396,0.5040038080887445,0.5905131102796469
1240,0.46886840936872287,0.044930593308561875,0.4862009973227152,0.5830484257044256
1243,0.5382976183541598,0.029047964394533568,0.43265441725130666,0.5952637543147765
1245,0.6774268378593014,0.06279257046695587,0.25978059167374273,0.7078556996880208
1254,0.4685216777413903,0.03764947082570641,0.4938288514329033,0.5905131102796469
1259,0.54298792351814,0.061749660825760506,0.3952624156560995,0.6116083420627244
1261,0.46587254275663903,0.04058149076509779,0.49354596647826315,0.5905131102796469
1262,0.45587182532351,0.01976640086860848,0.5243617738078815,0.5952637543147765
1266,0.4797885615003872,0.023923518094125386,0.4962879204054874,0.5905131102796469
1269,0.47575048734652864,0.04809721521378357,0.4761522974396878,0.5700843964471157
1275,0.6520135837286251,0.04427806713653627,0.3037083491348387,0.6843585704323222
1280,0.47915332392947085,0.03589940422056094,0.4849472718499682,0.5830484257044256
1292,0.569274462664694,0.05157068094613197,0.3791548563891742,0.6167146616372792
1298,0.6068594444822544,0.027899941418936362,0.3652406140988093,0.6377260234636927
1299,0.6343181247241805,0.024657830635627355,0.34102404464019215,0.6377260234636927
1304,0.4552056514323928,0.02480506488172404,0.5199892836858832,0.5952637543147765
1309,0.4477776083225884,0.04184011861352919,0.5103822730638825,0.5905131102796469
1313,0.5263469116363809,0.03839962966612876,0.43525345869749027,0.5952637543147765
1314,0.42762893097534593,0.04195302369115537,0.5304180453334988,0.5952637543147765
1321,0.6329832165828948,0.04275283987073094,0.3242639435463743,0.6377260234636927
1348,0.5055609723566772,0.03916500613365746,0.45527402150966534,0.5905131102796469
1353,0.49486444145328856,0.05038423838698733,0.4547513201597242,0.5905131102796469
1370,0.45285350140697866,0.03466498380632136,0.5124815147866999,0.5952637543147765
1377,0.4297733162586657,0.02913107306168919,0.5410956106796451,0.5952637543147765
1384,0.5336319124527439,0.028291664901757628,0.4380764226454986,0.5952637543147765
1388,0.44567750605848966,0.04847548295332843,0.5058470109881819,0.5905131102796469
1400,0.4209261543606038,0.007414592481578037,0.5716592531578181,0.625265284786343
1412,0.5124055735252939,0.023930209655144488,0.46366421681956166,0.5929957391927457
1428,0.6299507846294327,0.031371669883830326,0.33867754548673706,0.6377260234636927
1444,0.437358907378417,0.04241193200053886,0.5202291606210442,0.5952637543147765
1450,0.42523555528312795,0.034603604133310435,0.5401608405835616,0.5952637543147765
1452,0.46071575385147184,0.027649926967178603,0.5116343191813495,0.5905131102796469
1454,0.644786632242633,0.02461969085746523,0.3305936768999018,0.6377260234636927
1473,0.46192272605049756,0.047364762494838564,0.4907125114546639,0.5905131102796469
1481,0.5031487887877489,0.027621375922641717,0.4692298352896094,0.5905131102796469
1496,0.4730511099518141,0.03969388072346602,0.4872550093247199,0.5830484257044256
1499,0.4209249687851782,0.03279006341181107,0.5462849678030107,0.6116083420627244
1505,0.4386652201422344,0.029221953822385544,0.53211282603538,0.5952637543147765
1513,0.4462043630578866,0.04196783428854305,0.5118278026535703,0.5905131102796469
1515,0.6092887559088845,0.07048153166680322,0.3202297124243122,0.6377260234636927
1518,0.45848646121131253,0.029035267064575408,0.512478271724112,0.5952637543147765
1521,0.42672500822498366,0.02846610602647871,0.5448088857485377,0.6116083420627244
1532,0.4903716950428375,0.03550036935311144,0.47412793560405114,0.5905131102796469
1538,0.41091463747151313,0.028649361418643368,0.5604360011098436,0.6167146616372792
1545,0.4287261027050673,0.017740979346695978,0.5535329179482368,0.6116083420627244
1548,0.5371673962648915,0.02792146669195588,0.43491113704315265,0.5952637543147765
1554,0.43287363602325873,0.03304625879062315,0.534080105186118,0.5952637543147765
1555,0.4666378138278714,0.03738107407471515,0.49598111209741347,0.5905131102796469
1559,0.4572577628792814,0.04683939568020667,0.49590284144051194,0.5905131102796469
1563,0.4290793611258739,0.03487285754647079,0.5360477813276553,0.5952637543147765
1565,0.5050817745231799,0.05883438575647452,0.43608383972034553,0.5905131102796469
1571,0.6373806878158238,0.03552943564093984,0.32708987654323635,0.6377260234636927
1598,0.42507194430365747,0.02632373528344526,0.5486043204128973,0.6116083420627244
1599,0.45658074291742134,0.03341655759818434,0.5100026994843944,0.5905131102796469
1608,0.5017669918406705,0.03441576068134998,0.46381724747797953,0.5905131102796469
1611,0.6185576754276207,0.03427122385965981,0.34717110071271945,0.6377260234636927
1613,0.49357681212103616,0.035384165093888975,0.47103902278507487,0.5905131102796469
1617,0.4733645682339943,0.007505490850878286,0.5191299409151274,0.5952637543147765
1620,0.45421462353776826,0.03442724110191544,0.5113581353603163,0.5905131102796469
1630,0.4439618307525825,0.028988961639212916,0.5270492076082045,0.5952637543147765
1631,0.5072863935852919,0.03606474608937105,0.456648860325337,0.5905131102796469
1644,0.5055753339002091,0.0336313916963658,0.46079327440342516,0.5905131102796469
1655,0.45024807583477144,0.03377268321951118,0.5159792409457175,0.5952637543147765
1658,0.44412177895946126,0.018473922183366236,0.5374042988571726,0.5952637543147765
1663,0.4377962163328561,0.02461734466574022,0.5375864390014038,0.5952637543147765
1674,0.4762144360998555,0.039792344618855245,0.48399321928128936,0.5830484257044256
1678,0.49922459248056184,0.024516224875174006,0.4762591826442642,0.5905131102796469
1695,0.5934527258022231,0.017036327298520275,0.3895109468992567,0.625265284786343
1702,0.483119867361264,0.05037761871929682,0.4665025139194393,0.5830484257044256
1706,0.46986375163179167,0.04793113901953599,0.4822051093486724,0.5700843964471157
1717,0.4419023495087741,0.029299134827470343,0.5287985156637555,0.5952637543147765
1720,0.5031370323870196,0.02863309696994982,0.4682298706430307,0.5905131102796469
1727,0.4593359662939815,0.02035328041434415,0.5203107532916744,0.5952637543147765
1733,0.6414039370201962,0.022995805662871464,0.3356002573169324,0.6377260234636927
1738,0.6617163848927757,0.023060193783471374,0.3152234213237529,0.6843585704323222
1740,0.4751051310369874,0.022429797844217534,0.5024650711187951,0.5905131102796469
1743,0.447605580833818,0.03118433420755647,0.5212100849586255,0.5952637543147765
1750,0.46519651466799966,0.03645259359975041,0.49835089173224995,0.5905131102796469
1756,0.5262904767939679,0.028987880818008033,0.4447216423880241,0.5952637543147765
1757,0.6343738423543638,0.028159643777968667,0.3374665138676675,0.6377260234636927
1768,0.43626907911446405,0.013009372353800829,0.550721548531735,0.6116083420627244
1769,0.4485373232439002,0.032389245036410635,0.5190734317196892,0.5952637543147765
1770,0.41797510430998,0.015800266062084053,0.5662246296279361,0.6167146616372792
1782,0.4878320019682382,0.02372014894275795,0.4884478490890038,0.5830484257044256
1784,0.630989886986808,0.025189345011118806,0.3438207680020731,0.6377260234636927
1791,0.4945408796460651,0.03091958881213373,0.47453953154180123,0.5905131102796469
1801,0.5220278703337617,0.0343730739920643,0.443599055674174,0.5952637543147765
1805,0.4383344565950285,0.035501793609065316,0.5261637497959062,0.5952637543147765
1807,0.330897021562579,0.04161620338441789,0.6274867750530031,0.6377260234636927
1820,0.5690564542783316,0.054859078603846693,0.3760844671178218,0.6167146616372792
1828,0.4720141605255486,0.016055676354163283,0.5119301631202882,0.5905131102796469
1829,0.48914491059769194,0.024139615252029237,0.4867154741502788,0.5905131102796469
1831,0.4660434843856816,0.03438660267923968,0.49956991293507874,0.5905131102796469
1838,0.4668254964569634,0.03839265860070347,0.4947818449423332,0.5905131102796469
1852,0.5605579968848385,0.03722622156613959,0.4022157815490218,0.6167146616372792
1853,0.45213715545068167,0.04006088628423692,0.5078019582650815,0.5905131102796469
1868,0.4423521044362962,0.03035603944844507,0.5272918561152588,0.5952637543147765
1878,0.5779867978303825,0.02698877116721895,0.39502443100239854,0.625265284786343
